RESPOND_ID,EXAMIN_BEGIN_DE,TOUR_CTPRVN_NM,TOUR_SIGNGU_NM,TOUR_BEGIN_DE,TOUR_PD_VALUE,TOUR_COM_NMPR_NM,COM_ONE_TY,COM_TWO_TY,COM_THREE_TY,COM_FOUR_TY,COM_FIVE_TY,COM_SIX_TY,TOUR_PURPS_NM,SEXDSTN_FLAG_CD,AGRDE_FLAG_NM,MRRG_AT_NM,CHLDRN_TY_NM,OCCP_NM,HSHLD_INCOME_DGREE_NM
"205112","20250317","울산시","모름","20250207","3박 4일","2명","부모/형제/자녀 등 가족",,,,,,"친지/친구/친척 만나기","F","60대 이상","기혼","자녀 성장(막내 중고생)","전업주부","500~700만원 미만"
"240331","20250317","경상남도","거제시/통영시","20250206","3박 4일","2명","배우자",,,,,,"자연 풍경 감상 (산/ 바다 등)","F","60대 이상","기혼","자녀 독립(막내 결혼)","기타/무직","700만원 이상"
"254601","20250317","전라북도","익산시/임실군/전주시","20250308","1박 2일","4명","부모/형제/자녀 등 가족",,,,,,"친지/친구/친척 만나기","F","60대 이상","기혼","자녀 성인(막내 대학)","기능/숙련/일반작업직","300~500만원 미만"
"307124","20250317","강원도","속초시","20250217","1박 2일","3명","부모/형제/자녀 등 가족",,,,,,"휴식","F","20대","미혼","미혼","판매/서비스직","700만원 이상"
"333925","20250317","전라북도","군산시","20250308","1박 2일","2명","배우자",,,,,,"자연 풍경 감상 (산/ 바다 등)","F","60대 이상","기혼","자녀 성장(막내 중고생)","경영/관리/전문직","700만원 이상"
"347663","20250317","강원도","동해시/인제군","20250210","2박 3일","3명","배우자","부모/형제/자녀 등 가족",,,,,"식도락 (지역 특색/제철 음식)","F","60대 이상","기혼","자녀 성인(막내 대학)","전업주부","300만원 미만"
"359632","20250317","경기도","광명시","20250225","3박 4일","3명","부모/형제/자녀 등 가족",,,,,,"도시 경관 감상 (건축물/ 거리 등)","F","60대 이상","기혼","자녀 성인(막내 대학)","전업주부","500~700만원 미만"
"380169","20250317","강원도","속초시","20250101","1박 2일","2명","연인",,,,,,"휴식","F","20대","미혼","미혼","사무/기술직","700만원 이상"
"401818","20250317","강원도","속초시","20250315","1박 2일","2명","배우자",,,,,,"자연 풍경 감상 (산/ 바다 등)","F","20대","기혼","신혼기(자녀 없음)","사무/기술직","500~700만원 미만"
"412035","20250317","강원도","태백시","20250203","6박 7일 이상","3명","부모/형제/자녀 등 가족",,,,,,"축제-행사 참여","M","20대","미혼","미혼","대학/대학원생","모름"
"417866","20250317","경상남도","진주시","20250210","3박 4일","2명","배우자",,,,,,"역사-유적 감상 (유적지/ 박물관 등)","M","20대","기혼","자녀 유아&성장(막내 입학전~초등생)","사무/기술직","300~500만원 미만"
"423985","20250317","강원도","강릉시","20250206","6박 7일 이상","혼자서",,,,,,,"문화-예술 즐기기 (미술관/ 공연 등)","M","20대","미혼","미혼","대학/대학원생","500~700만원 미만"
"424076","20250317","대전시","모름","20250205","5박 6일","2명","부모/형제/자녀 등 가족",,,,,,"역사-유적 감상 (유적지/ 박물관 등)","M","20대","미혼","미혼","사무/기술직","700만원 이상"
"424269","20250317","광주시","모름","20250212","6박 7일 이상","4명","친구",,,,,,"역사-유적 감상 (유적지/ 박물관 등)","M","20대","기타","자녀 성인(막내 대학)","경영/관리/전문직","모름"
"424749","20250317","대구시","모름","20250302","1박 2일","2명","연인",,,,,,"휴식","M","20대","미혼","미혼","기능/숙련/일반작업직","모름"
"425439","20250317","경상북도","구미시","20250205","5박 6일","4명","부모/형제/자녀 등 가족",,,,,,"문화-예술 즐기기 (미술관/ 공연 등)","M","20대","미혼","미혼","기능/숙련/일반작업직","모름"
"426564","20250317","제주도","애월읍","20241222","6박 7일 이상","2명","연인",,,,,,"자연 풍경 감상 (산/ 바다 등)","M","20대","미혼","미혼","경영/관리/전문직","700만원 이상"
"429090","20250317","서울시","모름","20241230","1박 2일","혼자서","혼자서",,,,,,"친지/친구/친척 만나기","M","20대","미혼","미혼","대학/대학원생","모름"
"429455","20250317","전라남도","목포시","20250308","1박 2일","5명 이상","부모/형제/자녀 등 가족",,,,,,"식도락 (지역 특색/제철 음식)","F","20대","미혼","미혼","사무/기술직","모름"
"429743","20250317","강원도","양양군","20250315","1박 2일","4명","부모/형제/자녀 등 가족",,,,,,"휴식","F","20대","미혼","미혼","대학/대학원생","700만원 이상"
"432979","20250317","경상북도","포항시","20250204","3박 4일","5명 이상","친구",,,,,,"역사-유적 감상 (유적지/ 박물관 등)","M","20대","미혼","미혼","대학/대학원생","500~700만원 미만"
"436028","20250317","경기도","양평군","20241231","1박 2일","2명","연인",,,,,,"휴식","F","20대","미혼","미혼","대학/대학원생","모름"
"444321","20250317","강원도","강릉시","20250215","1박 2일","혼자서","혼자서",,,,,,"자연 풍경 감상 (산/ 바다 등)","M","20대","미혼","미혼","사무/기술직","300만원 미만"
"444929","20250317","강원도","강릉시","20241208","4박 5일","혼자서","혼자서",,,,,,"휴식","M","20대","미혼","미혼","판매/서비스직","모름"
"447830","20250317","대전시","모름","20250217","2박 3일","2명","연인",,,,,,"식도락 (지역 특색/제철 음식)","M","20대","미혼","미혼","대학/대학원생","모름"
"451829","20250317","강원도","강릉시","20250203","6박 7일 이상","4명","직장동료",,,,,,"문화-예술 즐기기 (미술관/ 공연 등)","M","20대","미혼","미혼","기타/무직","모름"
"451859","20250317","경기도","하남시","20250211","3박 4일","3명","부모/형제/자녀 등 가족",,,,,,"휴식","F","20대","기혼","자녀 유아&성장(막내 입학전~초등생)","기능/숙련/일반작업직","300~500만원 미만"
"452906","20250317","전라남도","보성군","20250213","6박 7일 이상","4명","부모/형제/자녀 등 가족",,,,,,"친지/친구/친척 만나기","M","20대","기혼","자녀 유아&성장(막내 입학전~초등생)","사무/기술직","300~500만원 미만"
"454402","20250317","강원도","강릉시/동해시/속초시/춘천시","20250203","3박 4일","4명","부모/형제/자녀 등 가족",,,,,,"자연 풍경 감상 (산/ 바다 등)","M","20대","기혼","자녀 유아&성장(막내 입학전~초등생)","경영/관리/전문직","700만원 이상"
"457494","20250317","서울시","모름","20250222","1박 2일","5명 이상","친구",,,,,,"친지/친구/친척 만나기","F","20대","미혼","미혼","사무/기술직","300만원 미만"
"458700","20250317","서울시","모름","20250207","3박 4일","4명","연인","친구",,,,,"취미-운동 활동 (등산/ 낚시/ 골프 등)","M","20대","미혼","미혼","판매/서비스직","500~700만원 미만"
"460466","20250317","인천시","모름","20241221","4박 5일","혼자서","혼자서",,,,,,"친지/친구/친척 만나기","F","20대","미혼","미혼","기타/무직","모름"
"460577","20250317","강원도","강릉시/동해시/삼척시/속초시/양양군","20241231","모름","5명 이상","부모/형제/자녀 등 가족",,,,,,"휴식","M","20대","미혼","미혼","기타/무직","모름"
"461390","20250317","경상남도","거제시","20250213","6박 7일 이상","2명","부모/형제/자녀 등 가족",,,,,,"역사-유적 감상 (유적지/ 박물관 등)","M","20대","미혼","미혼","대학/대학원생","모름"
"463603","20250317","제주도","서귀포시(시내동)","20241231","3박 4일","혼자서","혼자서",,,,,,"친지/친구/친척 만나기","M","20대","미혼","미혼","대학/대학원생","700만원 이상"
"467322","20250317","강원도","속초시","20250201","1박 2일","2명","직장동료",,,,,,"역사-유적 감상 (유적지/ 박물관 등)","M","30대","미혼","미혼","기타/무직","모름"
"467912","20250317","충청북도","제천시","20250221","2박 3일","4명","친구",,,,,,"친지/친구/친척 만나기","M","20대","미혼","미혼","경영/관리/전문직","300~500만원 미만"
"468493","20250317","전라남도","보성군","20250215","1박 2일","2명","연인",,,,,,"식도락 (지역 특색/제철 음식)","M","20대","미혼","미혼","대학/대학원생","300만원 미만"
"474896","20250317","서울시","모름","20250215","1박 2일","2명","연인",,,,,,"휴식","F","20대","미혼","미혼","기타/무직","500~700만원 미만"
"478054","20250317","부산시","모름","20250214","3박 4일","4명","부모/형제/자녀 등 가족",,,,,,"식도락 (지역 특색/제철 음식)","M","20대","미혼","미혼","기타/무직","모름"
"53322454","20250317","강원도","춘천시","20250207","1박 2일","2명","배우자",,,,,,"식도락 (지역 특색/제철 음식)","F","50대","기혼","자녀 성인(막내 대학)","기능/숙련/일반작업직","500~700만원 미만"
"53322514","20250317","경기도","포천시","20250206","1박 2일","2명","배우자",,,,,,"자연 풍경 감상 (산/ 바다 등)","F","60대 이상","기혼","자녀 독립(막내 결혼)","전업주부","모름"
"53322640","20250317","대전시","모름","20250315","1박 2일","혼자서","혼자서",,,,,,"친지/친구/친척 만나기","M","40대","기혼","자녀 유아&성장(막내 입학전~초등생)","기능/숙련/일반작업직","300~500만원 미만"
"53323289","20250317","전라남도","강진군/영암군","20250227","1박 2일","2명","배우자",,,,,,"자연 풍경 감상 (산/ 바다 등)","M","60대 이상","기혼","자녀 성인(막내 대학)","기타/무직","300~500만원 미만"
"53324331","20250317","전라남도","목포시","20250208","1박 2일","3명","친구",,,,,,"식도락 (지역 특색/제철 음식)","M","60대 이상","미혼","미혼","기타/무직","모름"
"53324440","20250317","경상남도","거제시","20250301","1박 2일","3명","부모/형제/자녀 등 가족",,,,,,"자연 풍경 감상 (산/ 바다 등)","F","20대","미혼","미혼","기타/무직","모름"
"53324471","20250317","경상북도","경산시","20250203","3박 4일","2명","연인",,,,,,"취미-운동 활동 (등산/ 낚시/ 골프 등)","M","30대","기혼","신혼기(자녀 없음)","사무/기술직","700만원 이상"
"53325386","20250317","경기도","양주시","20250208","1박 2일","2명","연인",,,,,,"축제-행사 참여","F","20대","미혼","미혼","경영/관리/전문직","700만원 이상"
"53325574","20250317","경상북도","경주시","20241220","4박 5일","3명","배우자","부모/형제/자녀 등 가족",,,,,"역사-유적 감상 (유적지/ 박물관 등)","F","40대","기혼","자녀 유아&성장(막내 입학전~초등생)","사무/기술직","모름"
"53325929","20250317","경상북도","경주시","20250130","1박 2일","모름","배우자","부모/형제/자녀 등 가족",,,,,"친지/친구/친척 만나기","M","30대","기혼","자녀 유아&성장(막내 입학전~초등생)","자영업","300~500만원 미만"
"53326213","20250317","제주도","서귀포시(시내동)","20241223","3박 4일","5명 이상","직장동료",,,,,,"문화-예술 즐기기 (미술관/ 공연 등)","F","40대","기혼","자녀 유아&성장(막내 입학전~초등생)","전업주부","300만원 미만"
"53326520","20250317","강원도","강릉시","20250228","1박 2일","2명","배우자",,,,,,"식도락 (지역 특색/제철 음식)","M","50대","기혼","자녀 성인(막내 대학)","사무/기술직","500~700만원 미만"
"53326750","20250317","부산시","모름","20241219","1박 2일","2명","친구",,,,,,"식도락 (지역 특색/제철 음식)","M","50대","기혼","자녀 성인(막내 대학)","사무/기술직","700만원 이상"
"53327254","20250317","경상남도","창원시","20250315","1박 2일","4명","친구",,,,,,"식도락 (지역 특색/제철 음식)","M","40대","기혼","자녀 유아&성장(막내 입학전~초등생)","사무/기술직","500~700만원 미만"
"53327284","20250317","강원도","강릉시","20241206","2박 3일","3명","배우자","부모/형제/자녀 등 가족",,,,,"휴식","M","40대","기혼","자녀 유아&성장(막내 입학전~초등생)","사무/기술직","300~500만원 미만"
"53327321","20250317","충청남도","태안군","20250105","1박 2일","4명","배우자","부모/형제/자녀 등 가족",,,,,"자연 풍경 감상 (산/ 바다 등)","F","50대","기혼","자녀 성인(막내 대학)","전업주부","700만원 이상"
"53327393","20250317","전라남도","담양군/장성군","20241217","5박 6일","2명","배우자",,,,,,"역사-유적 감상 (유적지/ 박물관 등)","M","60대 이상","기혼","자녀 성인(막내 대학)","자영업","500~700만원 미만"
"53327543","20250317","대전시","모름","20250301","1박 2일","4명","배우자","부모/형제/자녀 등 가족",,,,,"친지/친구/친척 만나기","F","50대","기혼","자녀 성인(막내 대학)","전업주부","700만원 이상"
"53327549","20250317","강원도","강릉시","20241227","2박 3일","2명","연인",,,,,,"축제-행사 참여","M","30대","미혼","미혼","사무/기술직","300~500만원 미만"
"53327560","20250317","전라남도","영광군","20250226","4박 5일","2명","배우자",,,,,,"휴식","F","30대","기혼","신혼기(자녀 없음)","자영업","모름"
"53327598","20250317","전라남도","보성군/장흥군","20250207","2박 3일","4명","친구",,,,,,"휴식","F","40대","기혼","자녀 성인(막내 대학)","사무/기술직","700만원 이상"
"53327831","20250317","전라북도","군산시","20250223","2박 3일","2명","친구",,,,,,"식도락 (지역 특색/제철 음식)","F","20대","미혼","미혼","대학/대학원생","300~500만원 미만"
"53328150","20250317","전라남도","담양군/무안군/진도군","20250228","2박 3일","2명","배우자",,,,,,"휴식","M","50대","기혼","신혼기(자녀 없음)","사무/기술직","500~700만원 미만"
"53328310","20250317","경기도","시흥시","20250214","1박 2일","3명","친구",,,,,,"자연 풍경 감상 (산/ 바다 등)","M","30대","미혼","미혼","사무/기술직","300~500만원 미만"
"53328335","20250317","경상북도","영천시","20250215","1박 2일","2명","연인",,,,,,"자연 풍경 감상 (산/ 바다 등)","M","60대 이상","기혼","자녀 성인(막내 대학)","기능/숙련/일반작업직","300만원 미만"
"53328453","20250317","강원도","속초시","20250108","2박 3일","4명","부모/형제/자녀 등 가족",,,,,,"휴식","F","30대","미혼","미혼","사무/기술직","500~700만원 미만"
"53328549","20250317","경상남도","진주시","20250315","1박 2일","2명","연인",,,,,,"휴식","F","20대","미혼","미혼","사무/기술직","모름"
"53328586","20250317","경기도","양평군","20241220","1박 2일","4명","부모/형제/자녀 등 가족",,,,,,"휴식","M","40대","기혼","자녀 유아&성장(막내 입학전~초등생)","자영업","300~500만원 미만"
"53328601","20250317","제주도","애월읍/한림읍","20241205","2박 3일","2명","친구",,,,,,"휴식","F","30대","미혼","미혼","사무/기술직","700만원 이상"
"53328727","20250317","강원도","강릉시","20241211","1박 2일","2명","배우자",,,,,,"식도락 (지역 특색/제철 음식)","F","60대 이상","기혼","신혼기(자녀 없음)","기능/숙련/일반작업직","300만원 미만"
"53328823","20250317","강원도","홍천군","20250212","1박 2일","3명","부모/형제/자녀 등 가족",,,,,,"자연 풍경 감상 (산/ 바다 등)","M","60대 이상","기혼","자녀 성인(막내 대학)","자영업","300~500만원 미만"
"53328925","20250317","서울시","모름","20250225","2박 3일","혼자서","혼자서",,,,,,"친지/친구/친척 만나기","M","60대 이상","기타","자녀 독립(막내 결혼)","자영업","모름"
"53329439","20250317","강원도","고성군","20250201","1박 2일","3명",,,,,,,"자연 풍경 감상 (산/ 바다 등)","M","50대","미혼","미혼","기타/무직","500~700만원 미만"
"53329555","20250317","강원도","속초시","20241227","6박 7일 이상","2명","부모/형제/자녀 등 가족",,,,,,"자연 풍경 감상 (산/ 바다 등)","M","50대","미혼","미혼","기타/무직","700만원 이상"
"53329828","20250317","전라남도","목포시/해남군","20250228","2박 3일","2명","연인",,,,,,"식도락 (지역 특색/제철 음식)","F","40대","미혼","미혼","사무/기술직","모름"
"53330011","20250317","강원도","강릉시","20241210","2박 3일","2명","친구",,,,,,"자연 풍경 감상 (산/ 바다 등)","F","20대","미혼","미혼","사무/기술직","700만원 이상"
"53330180","20250317","경기도","오산시","20250206","4박 5일","3명","직장동료",,,,,,"친지/친구/친척 만나기","M","40대","기혼","자녀 성장(막내 중고생)","사무/기술직","500~700만원 미만"
"53330181","20250317","강원도","속초시","20250226","1박 2일","2명","친구",,,,,,"자연 풍경 감상 (산/ 바다 등)","F","50대","기혼","자녀 성인(막내 대학)","사무/기술직","300만원 미만"
"53330201","20250317","강원도","속초시","20241210","2박 3일","2명","배우자",,,,,,"식도락 (지역 특색/제철 음식)","M","40대","기혼","자녀 성장(막내 중고생)","기능/숙련/일반작업직","700만원 이상"
"53330377","20250317","대구시","모름","20250228","1박 2일","3명","배우자","부모/형제/자녀 등 가족",,,,,"식도락 (지역 특색/제철 음식)","M","40대","기혼","자녀 유아&성장(막내 입학전~초등생)","사무/기술직","700만원 이상"
"53330394","20250317","강원도","속초시","20250210","2박 3일","혼자서","혼자서",,,,,,"휴식","F","40대","미혼","미혼","판매/서비스직","300만원 미만"
"53330711","20250317","강원도","속초시","20250203","4박 5일","2명","연인",,,,,,"휴식","M","30대","미혼","미혼","경영/관리/전문직","700만원 이상"
"53330717","20250317","대구시","모름","20241214","1박 2일","4명","부모/형제/자녀 등 가족",,,,,,"식도락 (지역 특색/제철 음식)","M","40대","기혼","자녀 유아&성장(막내 입학전~초등생)","사무/기술직","500~700만원 미만"
"53330768","20250317","광주시","모름","20250221","2박 3일","2명","배우자",,,,,,"식도락 (지역 특색/제철 음식)","M","60대 이상","기혼","자녀 성인(막내 대학)","자영업","300만원 미만"
"53330774","20250317","충청북도","보은군","20250207","2박 3일","혼자서","혼자서",,,,,,"친지/친구/친척 만나기","M","30대","미혼","미혼","기능/숙련/일반작업직","300만원 미만"
"53331012","20250317","서울시","모름","20250213","4박 5일","2명","배우자",,,,,,"역사-유적 감상 (유적지/ 박물관 등)","M","60대 이상","기혼","자녀 성인(막내 대학)","자영업","300~500만원 미만"
"53331258","20250317","전라남도","순천시/여수시","20241201","6박 7일 이상","2명","연인",,,,,,"식도락 (지역 특색/제철 음식)","F","40대","미혼","미혼","기타/무직","모름"
"53331389","20250317","강원도","삼척시","20250124","2박 3일","5명 이상","부모/형제/자녀 등 가족",,,,,,"휴식","M","20대","미혼","미혼","사무/기술직","모름"
"53331680","20250317","강원도","강릉시","20250222","1박 2일","3명","배우자","부모/형제/자녀 등 가족",,,,,"쇼핑","M","30대","기혼","자녀 유아&성장(막내 입학전~초등생)","경영/관리/전문직","700만원 이상"
"53331751","20250317","서울시","모름","20250301","1박 2일","2명","배우자",,,,,,"도시 경관 감상 (건축물/ 거리 등)","M","40대","기혼","신혼기(자녀 없음)","사무/기술직","300만원 미만"
"53332238","20250317","부산시","모름","20250116","4박 5일","2명","연인",,,,,,"식도락 (지역 특색/제철 음식)","M","40대","미혼","미혼","사무/기술직","700만원 이상"
"53332501","20250317","강원도","강릉시","20250308","1박 2일","4명","친구",,,,,,"자연 풍경 감상 (산/ 바다 등)","F","30대","미혼","미혼","경영/관리/전문직","300만원 미만"
"53332537","20250317","울산시","모름","20250207","2박 3일","2명","배우자",,,,,,"자연 풍경 감상 (산/ 바다 등)","F","40대","기혼","신혼기(자녀 없음)","전업주부","500~700만원 미만"
"53332649","20250317","경기도","화성시","20250201","1박 2일","3명","배우자","부모/형제/자녀 등 가족",,,,,"식도락 (지역 특색/제철 음식)","F","50대","기혼","자녀 성장(막내 중고생)","기능/숙련/일반작업직","700만원 이상"
"53333170","20250317","서울시","모름","20241213","2박 3일","2명","배우자",,,,,,"친지/친구/친척 만나기","F","60대 이상","기혼","자녀 성인(막내 대학)","전업주부","300~500만원 미만"
"53333366","20250317","전라남도","담양군/목포시/무안군/함평군","20250228","3박 4일","5명 이상","연인","친구",,,,,"친지/친구/친척 만나기","F","30대","기혼","신혼기(자녀 없음)","판매/서비스직","모름"
"53333406","20250317","부산시","모름","20250113","1박 2일","혼자서","혼자서",,,,,,"휴식","M","30대","미혼","미혼","판매/서비스직","모름"
"53333831","20250317","충청남도","보령시","20250207","1박 2일","2명","연인",,,,,,"식도락 (지역 특색/제철 음식)","F","50대","기타","자녀 성인(막내 대학)","기능/숙련/일반작업직","300만원 미만"
"53333935","20250317","경상남도","남해군","20241227","2박 3일","5명 이상","배우자","부모/형제/자녀 등 가족",,,,,"휴식","M","40대","기혼","자녀 성장(막내 중고생)","경영/관리/전문직","500~700만원 미만"
"53334453","20250317","경상북도","경주시","20241226","2박 3일","3명","배우자","부모/형제/자녀 등 가족",,,,,"역사-유적 감상 (유적지/ 박물관 등)","M","40대","기혼","자녀 유아&성장(막내 입학전~초등생)","판매/서비스직","300만원 미만"
"53334493","20250317","전라남도","순천시/여수시","20250201","1박 2일","4명","부모/형제/자녀 등 가족",,,,,,"식도락 (지역 특색/제철 음식)","M","40대","기혼","자녀 성장(막내 중고생)","자영업","300~500만원 미만"
"53334823","20250317","경기도","포천시","20241206","1박 2일","2명","배우자",,,,,,"역사-유적 감상 (유적지/ 박물관 등)","F","50대","기혼","자녀 성인(막내 대학)","전업주부","700만원 이상"
"53335125","20250317","부산시","모름","20241227","3박 4일","3명","부모/형제/자녀 등 가족",,,,,,"식도락 (지역 특색/제철 음식)","F","30대","미혼","미혼","기타/무직","모름"
"53335148","20250317","제주도","제주시(시내동)","20250228","2박 3일","3명","친구",,,,,,"휴식","F","50대","기혼","자녀 성인(막내 대학)","전업주부","모름"
"53335459","20250317","경상북도","봉화군/영주시/울진군","20250216","4박 5일","3명","배우자","부모/형제/자녀 등 가족",,,,,"놀이/테마공원-온천 등 즐기기","M","60대 이상","기혼","자녀 성인(막내 대학)","경영/관리/전문직","700만원 이상"
"53335939","20250317","제주도","제주시(시내동)/한림읍","20250307","2박 3일","2명","배우자",,,,,,"휴식","M","30대","기혼","신혼기(자녀 없음)","사무/기술직","500~700만원 미만"
"53336139","20250317","전라북도","군산시","20250201","2박 3일","2명","친구",,,,,,"문화-예술 즐기기 (미술관/ 공연 등)","F","30대","미혼","미혼","사무/기술직","700만원 이상"
"53336238","20250317","제주도","구좌읍/서귀포시(시내동)/성산읍/애월읍/제주시(시내동)/조천읍/한림읍","20250202","6박 7일 이상","2명","배우자",,,,,,"자연 풍경 감상 (산/ 바다 등)","F","20대","기혼","자녀 유아&성장(막내 입학전~초등생)","사무/기술직","700만원 이상"
"53336253","20250317","전라남도","진도군","20250221","2박 3일","4명","배우자","부모/형제/자녀 등 가족",,,,,"놀이/테마공원-온천 등 즐기기","M","50대","기혼","자녀 유아&성장(막내 입학전~초등생)","사무/기술직","700만원 이상"
"53336273","20250317","경상남도","김해시","20241219","3박 4일","3명","부모/형제/자녀 등 가족",,,,,,"역사-유적 감상 (유적지/ 박물관 등)","M","50대","기혼","자녀 성장(막내 중고생)","경영/관리/전문직","700만원 이상"
"53336277","20250317","대구시","모름","20250227","1박 2일","혼자서","혼자서",,,,,,"문화-예술 즐기기 (미술관/ 공연 등)","F","50대","기혼","자녀 성인(막내 대학)","판매/서비스직","500~700만원 미만"
"53336599","20250317","경상남도","거제시","20250222","1박 2일","4명","배우자","부모/형제/자녀 등 가족",,,,,"자연 풍경 감상 (산/ 바다 등)","F","40대","기혼","자녀 유아&성장(막내 입학전~초등생)","사무/기술직","모름"
"53336671","20250317","전라북도","무주군","20250221","1박 2일","3명","친구",,,,,,"휴식","F","20대","미혼","미혼","사무/기술직","모름"
"53336868","20250317","부산시","모름","20250131","1박 2일","4명","배우자","부모/형제/자녀 등 가족",,,,,"자연 풍경 감상 (산/ 바다 등)","M","50대","기혼","자녀 성인(막내 대학)","사무/기술직","500~700만원 미만"
"53336953","20250317","전라남도","여수시","20250102","2박 3일","4명","부모/형제/자녀 등 가족",,,,,,"놀이/테마공원-온천 등 즐기기","F","40대","기혼","자녀 성장(막내 중고생)","전업주부","500~700만원 미만"
"53337145","20250317","경상남도","사천시","20250221","2박 3일","2명","배우자",,,,,,"친지/친구/친척 만나기","F","60대 이상","기혼","자녀 성인(막내 대학)","판매/서비스직","300~500만원 미만"
"53337188","20250317","서울시","모름","20250118","2박 3일","4명","부모/형제/자녀 등 가족",,,,,,"도시 경관 감상 (건축물/ 거리 등)","F","60대 이상","기혼","자녀 성인(막내 대학)","전업주부","500~700만원 미만"
"53337302","20250317","부산시","모름","20250222","5박 6일","4명","부모/형제/자녀 등 가족",,,,,,"식도락 (지역 특색/제철 음식)","F","60대 이상","기혼","자녀 성인(막내 대학)","전업주부","500~700만원 미만"
"53337313","20250317","부산시","모름","20241206","3박 4일","2명","연인",,,,,,"식도락 (지역 특색/제철 음식)","M","40대","미혼","미혼","기능/숙련/일반작업직","모름"
"53337377","20250317","서울시","모름","20241229","2박 3일","3명","배우자","부모/형제/자녀 등 가족",,,,,"문화-예술 즐기기 (미술관/ 공연 등)","F","30대","기혼","자녀 유아&성장(막내 입학전~초등생)","사무/기술직","500~700만원 미만"
"53337423","20250317","경상남도","김해시/창원시","20250214","2박 3일","2명","연인",,,,,,"쇼핑","F","20대","미혼","미혼","사무/기술직","모름"
"53337532","20250317","서울시","모름","20241228","2박 3일","4명","부모/형제/자녀 등 가족",,,,,,"놀이/테마공원-온천 등 즐기기","M","40대","기혼","자녀 성장(막내 중고생)","경영/관리/전문직","700만원 이상"
"53337750","20250317","강원도","평창군","20250224","2박 3일","4명","배우자","부모/형제/자녀 등 가족",,,,,"휴식","F","60대 이상","기혼","자녀 성인(막내 대학)","전업주부","300~500만원 미만"
"53338037","20250317","경기도","연천군/포천시","20241219","1박 2일","3명","배우자","부모/형제/자녀 등 가족",,,,,"휴식","M","40대","기혼","자녀 유아&성장(막내 입학전~초등생)","자영업","500~700만원 미만"
"53338529","20250317","전라남도","강진군","20250301","2박 3일","5명 이상","친구",,,,,,"자연 풍경 감상 (산/ 바다 등)","M","60대 이상","기혼","자녀 성인(막내 대학)","기타/무직","300만원 미만"
"53338838","20250317","서울시","모름","20241228","3박 4일","3명","부모/형제/자녀 등 가족",,,,,,"놀이/테마공원-온천 등 즐기기","F","50대","기혼","자녀 성장(막내 중고생)","전업주부","300~500만원 미만"
"53338870","20250317","전라북도","전주시","20250315","1박 2일","2명","배우자",,,,,,"쇼핑","M","30대","기혼","자녀 유아&성장(막내 입학전~초등생)","자영업","300~500만원 미만"
"53339154","20250317","대구시","모름","20250301","2박 3일","4명","부모/형제/자녀 등 가족",,,,,,"도시 경관 감상 (건축물/ 거리 등)","F","30대","기혼","자녀 유아&성장(막내 입학전~초등생)","사무/기술직","300~500만원 미만"
"53339548","20250317","전라남도","광양시","20250213","4박 5일","3명","배우자","부모/형제/자녀 등 가족",,,,,"자연 풍경 감상 (산/ 바다 등)","F","50대","기혼","자녀 성장(막내 중고생)","전업주부","500~700만원 미만"
"53339606","20250317","경상북도","포항시","20250222","1박 2일","2명","친구",,,,,,"친지/친구/친척 만나기","F","30대","미혼","미혼","기능/숙련/일반작업직","300~500만원 미만"
"53339647","20250317","충청남도","서천군","20250207","1박 2일","2명","배우자",,,,,,"식도락 (지역 특색/제철 음식)","M","40대","기혼","자녀 유아&성장(막내 입학전~초등생)","사무/기술직","300~500만원 미만"
"53339735","20250317","전라남도","화순군","20250211","1박 2일","모름","직장동료",,,,,,"자연 풍경 감상 (산/ 바다 등)","M","40대","기혼","자녀 유아&성장(막내 입학전~초등생)","사무/기술직","300~500만원 미만"
"53340083","20250317","경상북도","안동시","20241230","3박 4일","2명","배우자",,,,,,"자연 풍경 감상 (산/ 바다 등)","M","60대 이상","기혼","자녀 성인(막내 대학)","자영업","500~700만원 미만"
"53340194","20250317","제주도","서귀포시(시내동)/애월읍/제주시(시내동)","20241205","2박 3일","3명","친구",,,,,,"자연 풍경 감상 (산/ 바다 등)","F","50대","기혼","신혼기(자녀 없음)","기타/무직","300~500만원 미만"
"53340286","20250317","경상북도","봉화군","20241231","1박 2일","3명","부모/형제/자녀 등 가족",,,,,,"역사-유적 감상 (유적지/ 박물관 등)","M","50대","기혼","자녀 성장(막내 중고생)","사무/기술직","700만원 이상"
"53340549","20250317","경상남도","진주시","20250308","1박 2일","혼자서","혼자서",,,,,,"친지/친구/친척 만나기","M","50대","기타","신혼기(자녀 없음)","사무/기술직","300~500만원 미만"
"53340890","20250317","전라북도","군산시","20241206","1박 2일","3명","배우자","부모/형제/자녀 등 가족",,,,,"역사-유적 감상 (유적지/ 박물관 등)","F","40대","기혼","자녀 유아&성장(막내 입학전~초등생)","전업주부","300~500만원 미만"
"53340916","20250317","서울시","모름","20250124","1박 2일","5명 이상","직장동료",,,,,,"친지/친구/친척 만나기","F","30대","기혼","신혼기(자녀 없음)","전업주부","500~700만원 미만"
"53341176","20250317","강원도","속초시","20241208","2박 3일","2명","배우자",,,,,,"식도락 (지역 특색/제철 음식)","M","40대","기혼","신혼기(자녀 없음)","기능/숙련/일반작업직","300~500만원 미만"
"53341227","20250317","강원도","삼척시","20241223","3박 4일","2명","배우자",,,,,,"식도락 (지역 특색/제철 음식)","M","30대","미혼","미혼","판매/서비스직","500~700만원 미만"
"53341636","20250317","전라북도","군산시","20250215","1박 2일","2명","배우자",,,,,,"친지/친구/친척 만나기","F","50대","기혼","자녀 성장(막내 중고생)","사무/기술직","500~700만원 미만"
"53341651","20250317","부산시","모름","20241213","1박 2일","4명","부모/형제/자녀 등 가족",,,,,,"도시 경관 감상 (건축물/ 거리 등)","F","60대 이상","기혼","자녀 성인(막내 대학)","전업주부","500~700만원 미만"
"53341710","20250317","경상북도","경주시","20250315","1박 2일","5명 이상","친구",,,,,,"친지/친구/친척 만나기","F","30대","기혼","자녀 유아&성장(막내 입학전~초등생)","사무/기술직","모름"
"53341817","20250317","경기도","양평군","20250214","1박 2일","2명","친구",,,,,,"친지/친구/친척 만나기","M","50대","미혼","미혼","기타/무직","모름"
"53342053","20250317","경기도","고양시","20250118","2박 3일","2명","부모/형제/자녀 등 가족",,,,,,"자연 풍경 감상 (산/ 바다 등)","F","40대","기혼","자녀 성장(막내 중고생)","전업주부","모름"
"53342065","20250317","부산시","모름","20250308","1박 2일","4명","부모/형제/자녀 등 가족",,,,,,"기타","F","40대","기혼","자녀 유아&성장(막내 입학전~초등생)","사무/기술직","500~700만원 미만"
"53342068","20250317","전라남도","장성군","20250207","1박 2일","2명","배우자",,,,,,"휴식","F","50대","기혼","자녀 독립(막내 결혼)","전업주부","300~500만원 미만"
"53342328","20250317","경기도","고양시","20241230","3박 4일","5명 이상","부모/형제/자녀 등 가족",,,,,,"친지/친구/친척 만나기","M","40대","기혼","자녀 유아&성장(막내 입학전~초등생)","사무/기술직","모름"
"53342506","20250317","서울시","모름","20250125","2박 3일","3명","부모/형제/자녀 등 가족",,,,,,"친지/친구/친척 만나기","F","50대","기혼","자녀 성인(막내 대학)","전업주부","700만원 이상"
"53342929","20250317","충청남도","청양군","20250221","2박 3일","2명","배우자",,,,,,"친지/친구/친척 만나기","M","50대","기혼","자녀 성인(막내 대학)","경영/관리/전문직","700만원 이상"
"53343510","20250317","서울시","모름","20250201","2박 3일","혼자서","혼자서",,,,,,"식도락 (지역 특색/제철 음식)","M","60대 이상","기타","자녀 독립(막내 결혼)","기타/무직","300~500만원 미만"
"53343749","20250317","강원도","삼척시","20250227","1박 2일","5명 이상","배우자","부모/형제/자녀 등 가족",,,,,"식도락 (지역 특색/제철 음식)","F","40대","기혼","자녀 유아&성장(막내 입학전~초등생)","사무/기술직","모름"
"53344119","20250317","경기도","양평군","20250208","1박 2일","4명","부모/형제/자녀 등 가족",,,,,,"자연 풍경 감상 (산/ 바다 등)","F","40대","기혼","자녀 유아&성장(막내 입학전~초등생)","전업주부","300~500만원 미만"
"53344363","20250317","전라남도","순천시","20250218","1박 2일","2명","배우자",,,,,,"역사-유적 감상 (유적지/ 박물관 등)","M","60대 이상","기혼","자녀 성인(막내 대학)","경영/관리/전문직","모름"
"53344790","20250317","강원도","강릉시/속초시/양양군","20250224","2박 3일","5명 이상","부모/형제/자녀 등 가족",,,,,,"휴식","M","50대","기혼","자녀 유아&성장(막내 입학전~초등생)","기능/숙련/일반작업직","300~500만원 미만"
"53344811","20250317","제주도","구좌읍/남원읍/서귀포시(시내동)/성산읍/안덕면/애월읍/우도면/제주시(시내동)/조천읍/한림읍","20241225","모름","2명","친구",,,,,,"역사-유적 감상 (유적지/ 박물관 등)","F","20대","미혼","미혼","대학/대학원생","모름"
"53344956","20250317","강원도","춘천시","20250226","1박 2일","2명","연인",,,,,,"휴식","F","20대","미혼","미혼","대학/대학원생","모름"
"53345308","20250317","서울시","모름","20250211","1박 2일","2명","연인",,,,,,"휴식","F","20대","미혼","미혼","기타/무직","모름"
"53345432","20250317","충청북도","청주시/충주시(구 청원군 포함)","20250207","1박 2일","혼자서","혼자서",,,,,,"친지/친구/친척 만나기","M","30대","기혼","자녀 유아&성장(막내 입학전~초등생)","판매/서비스직","500~700만원 미만"
"53345510","20250317","충청남도","예산군","20250215","2박 3일","3명","부모/형제/자녀 등 가족",,,,,,"놀이/테마공원-온천 등 즐기기","F","40대","기혼","자녀 유아&성장(막내 입학전~초등생)","사무/기술직","700만원 이상"
"53345835","20250317","강원도","속초시","20250120","1박 2일","3명","직장동료",,,,,,"휴식","F","50대","기타","자녀 성인(막내 대학)","사무/기술직","300~500만원 미만"
"53345997","20250317","경상남도","고성군/김해시/밀양시/통영시","20250210","4박 5일","2명","배우자",,,,,,"자연 풍경 감상 (산/ 바다 등)","M","60대 이상","기혼","자녀 독립(막내 결혼)","기타/무직","300만원 미만"
"53346351","20250317","부산시","모름","20241218","3박 4일","2명","배우자",,,,,,"친지/친구/친척 만나기","M","60대 이상","기혼","자녀 성인(막내 대학)","기타/무직","700만원 이상"
"53346546","20250317","경기도","여주시","20250222","1박 2일","3명","친구",,,,,,"식도락 (지역 특색/제철 음식)","M","30대","미혼","미혼","판매/서비스직","300만원 미만"
"53346825","20250317","대구시","모름","20250315","1박 2일","3명","배우자","부모/형제/자녀 등 가족",,,,,"식도락 (지역 특색/제철 음식)","M","50대","기혼","자녀 유아&성장(막내 입학전~초등생)","기능/숙련/일반작업직","700만원 이상"
"53347067","20250317","전라남도","목포시","20250313","1박 2일","3명","배우자","부모/형제/자녀 등 가족",,,,,"식도락 (지역 특색/제철 음식)","M","60대 이상","기혼","자녀 성인(막내 대학)","사무/기술직","300~500만원 미만"
"53347517","20250317","경기도","구리시","20250206","1박 2일","2명","부모/형제/자녀 등 가족",,,,,,"역사-유적 감상 (유적지/ 박물관 등)","F","30대","미혼","미혼","판매/서비스직","300만원 미만"
"53347659","20250317","경상남도","남해군","20250210","1박 2일","2명","배우자",,,,,,"자연 풍경 감상 (산/ 바다 등)","M","40대","기혼","자녀 성장(막내 중고생)","자영업","700만원 이상"
"53347909","20250317","강원도","양양군","20250226","1박 2일","4명","배우자","친구",,,,,"자연 풍경 감상 (산/ 바다 등)","F","60대 이상","기혼","자녀 성인(막내 대학)","전업주부","500~700만원 미만"
"53347958","20250317","경상남도","거제시","20250308","2박 3일","2명","배우자",,,,,,"휴식","F","40대","기혼","자녀 유아&성장(막내 입학전~초등생)","사무/기술직","500~700만원 미만"
"53348381","20250317","충청북도","제천시","20241228","2박 3일","3명","부모/형제/자녀 등 가족",,,,,,"휴식","F","40대","미혼","미혼","사무/기술직","300만원 미만"
"53348681","20250317","대전시","모름","20250222","1박 2일","2명","배우자",,,,,,"식도락 (지역 특색/제철 음식)","M","50대","기혼","자녀 성인(막내 대학)","사무/기술직","700만원 이상"
"53348712","20250317","경상남도","통영시","20241202","4박 5일","5명 이상","친구",,,,,,"자연 풍경 감상 (산/ 바다 등)","M","40대","기혼","신혼기(자녀 없음)","자영업","300만원 미만"
"53348719","20250317","강원도","속초시","20250202","1박 2일","4명","배우자","부모/형제/자녀 등 가족",,,,,"식도락 (지역 특색/제철 음식)","M","60대 이상","기혼","자녀 성인(막내 대학)","사무/기술직","300~500만원 미만"
"53348801","20250317","강원도","속초시","20250201","2박 3일","3명","배우자","부모/형제/자녀 등 가족",,,,,"휴식","F","60대 이상","기혼","자녀 성인(막내 대학)","기타/무직","모름"
"53349102","20250317","제주도","서귀포시(시내동)/애월읍/우도면/제주시(시내동)","20250208","3박 4일","2명","연인",,,,,,"자연 풍경 감상 (산/ 바다 등)","M","30대","미혼","미혼","자영업","모름"
"53349168","20250317","경상북도","문경시","20250204","1박 2일","2명","부모/형제/자녀 등 가족",,,,,,"자연 풍경 감상 (산/ 바다 등)","M","30대","미혼","미혼","자영업","300~500만원 미만"
"53349339","20250317","강원도","고성군","20250117","5박 6일","4명","부모/형제/자녀 등 가족",,,,,,"자연 풍경 감상 (산/ 바다 등)","F","40대","기혼","자녀 유아&성장(막내 입학전~초등생)","사무/기술직","700만원 이상"
"53349342","20250317","경기도","용인시","20250226","1박 2일","3명","친구",,,,,,"쇼핑","F","20대","미혼","미혼","기타/무직","500~700만원 미만"
"53349366","20250317","경상북도","영천시","20250208","1박 2일","4명","부모/형제/자녀 등 가족",,,,,,"휴식","F","40대","기혼","자녀 유아&성장(막내 입학전~초등생)","전업주부","500~700만원 미만"
"53349371","20250317","강원도","강릉시","20241223","2박 3일","4명","부모/형제/자녀 등 가족",,,,,,"자연 풍경 감상 (산/ 바다 등)","F","50대","미혼","미혼","판매/서비스직","300만원 미만"
"53349660","20250317","전라북도","전주시","20241220","1박 2일","2명","부모/형제/자녀 등 가족",,,,,,"친지/친구/친척 만나기","F","50대","기타","자녀 성인(막내 대학)","판매/서비스직","300만원 미만"
"53349835","20250317","전라북도","익산시","20250125","2박 3일","모름","부모/형제/자녀 등 가족",,,,,,"친지/친구/친척 만나기","F","40대","기혼","자녀 성장(막내 중고생)","자영업","700만원 이상"
"53349859","20250317","경상북도","상주시","20250203","1박 2일","혼자서","혼자서",,,,,,"친지/친구/친척 만나기","M","50대","기혼","자녀 성인(막내 대학)","판매/서비스직","모름"
"53349881","20250317","경기도","남양주시","20250303","1박 2일","4명","친구",,,,,,"휴식","F","60대 이상","기혼","자녀 독립(막내 결혼)","전업주부","300~500만원 미만"
"53349973","20250317","강원도","평창군","20250115","2박 3일","3명","직장동료",,,,,,"휴식","F","50대","기타","신혼기(자녀 없음)","사무/기술직","700만원 이상"
"53350454","20250317","부산시","모름","20250309","3박 4일","2명","배우자",,,,,,"식도락 (지역 특색/제철 음식)","F","40대","기혼","신혼기(자녀 없음)","전업주부","300~500만원 미만"
"53350867","20250317","경기도","가평군/양평군/연천군/포천시","20250213","1박 2일","혼자서","혼자서",,,,,,"자연 풍경 감상 (산/ 바다 등)","M","30대","미혼","미혼","기타/무직","300만원 미만"
"53351000","20250317","경상북도","포항시","20250214","1박 2일","혼자서","혼자서",,,,,,"축제-행사 참여","M","30대","미혼","미혼","사무/기술직","300만원 미만"
"53351023","20250317","부산시","모름","20250215","2박 3일","5명 이상","부모/형제/자녀 등 가족",,,,,,"휴식","F","20대","미혼","미혼","대학/대학원생","모름"
"53351080","20250317","강원도","강릉시/속초시","20250130","2박 3일","3명","부모/형제/자녀 등 가족",,,,,,"식도락 (지역 특색/제철 음식)","F","60대 이상","기혼","자녀 성인(막내 대학)","전업주부","700만원 이상"
"53351210","20250317","경상남도","밀양시","20250222","1박 2일","2명","배우자",,,,,,"식도락 (지역 특색/제철 음식)","M","30대","기혼","신혼기(자녀 없음)","사무/기술직","모름"
"53351493","20250317","경상북도","안동시","20250202","모름","3명","부모/형제/자녀 등 가족",,,,,,"휴식","M","50대","기혼","자녀 성장(막내 중고생)","기능/숙련/일반작업직","500~700만원 미만"
"53351588","20250317","경상남도","통영시","20250201","1박 2일","2명","배우자",,,,,,"식도락 (지역 특색/제철 음식)","F","50대","기혼","자녀 성인(막내 대학)","사무/기술직","모름"
"53351642","20250317","경기도","부천시","20250127","4박 5일","2명","배우자",,,,,,"친지/친구/친척 만나기","F","60대 이상","기혼","자녀 독립(막내 결혼)","기타/무직","500~700만원 미만"
"53351905","20250317","대전시","모름","20241230","1박 2일","2명","친구",,,,,,"쇼핑","F","30대","미혼","미혼","사무/기술직","모름"
"53352550","20250317","충청북도","충주시(구 청원군 포함)","20250116","1박 2일","5명 이상","직장동료",,,,,,"식도락 (지역 특색/제철 음식)","F","30대","미혼","미혼","기타/무직","300~500만원 미만"
"53352568","20250317","인천시","모름","20250223","1박 2일","2명","배우자",,,,,,"휴식","F","60대 이상","기혼","자녀 독립(막내 결혼)","전업주부","300~500만원 미만"
"53352620","20250317","인천시","모름","20250214","1박 2일","모름","친구",,,,,,"휴식","M","60대 이상","기혼","자녀 독립(막내 결혼)","자영업","500~700만원 미만"
"53352950","20250317","강원도","원주시","20250208","1박 2일","4명","배우자","부모/형제/자녀 등 가족",,,,,"휴식","F","40대","기혼","자녀 유아&성장(막내 입학전~초등생)","사무/기술직","모름"
"53353681","20250317","충청남도","홍성군","20250125","1박 2일","2명","연인",,,,,,"식도락 (지역 특색/제철 음식)","M","30대","미혼","미혼","기능/숙련/일반작업직","300~500만원 미만"
"53354005","20250317","경상북도","안동시","20250301","2박 3일","4명","부모/형제/자녀 등 가족",,,,,,"휴식","F","40대","기혼","자녀 성장(막내 중고생)","기타/무직","500~700만원 미만"
"53354093","20250317","서울시","모름","20250208","1박 2일","4명","배우자","부모/형제/자녀 등 가족",,,,,"문화-예술 즐기기 (미술관/ 공연 등)","M","50대","기혼","자녀 유아&성장(막내 입학전~초등생)","사무/기술직","300~500만원 미만"
"53354162","20250317","서울시","모름","20250203","2박 3일","3명","부모/형제/자녀 등 가족","친구",,,,,"식도락 (지역 특색/제철 음식)","F","20대","미혼","미혼","판매/서비스직","모름"
"53354246","20250317","전라북도","익산시","20241224","1박 2일","2명","친구",,,,,,"휴식","M","50대","미혼","미혼","기능/숙련/일반작업직","300~500만원 미만"
"53354286","20250317","강원도","삼척시","20250113","6박 7일 이상","혼자서","혼자서",,,,,,"휴식","F","50대","기타","자녀 성인(막내 대학)","기타/무직","300~500만원 미만"
"53354306","20250317","강원도","동해시","20250301","1박 2일","3명","배우자","부모/형제/자녀 등 가족",,,,,"자연 풍경 감상 (산/ 바다 등)","F","60대 이상","기혼","자녀 독립(막내 결혼)","사무/기술직","700만원 이상"
"53354307","20250317","강원도","고성군/속초시/인제군","20250131","1박 2일","혼자서","혼자서",,,,,,"자연 풍경 감상 (산/ 바다 등)","M","60대 이상","기혼","자녀 성인(막내 대학)","자영업","700만원 이상"
"53354365","20250317","전라북도","전주시","20250207","2박 3일","2명","배우자",,,,,,"놀이/테마공원-온천 등 즐기기","M","30대","기혼","신혼기(자녀 없음)","자영업","700만원 이상"
"53354619","20250317","인천시","모름","20250308","1박 2일","2명","배우자",,,,,,"기타","F","40대","기혼","자녀 성장(막내 중고생)","전업주부","700만원 이상"
"53354661","20250317","전라남도","광양시/여수시","20250314","2박 3일","4명","배우자","부모/형제/자녀 등 가족",,,,,"축제-행사 참여","M","40대","기혼","자녀 유아&성장(막내 입학전~초등생)","사무/기술직","300~500만원 미만"
"53355390","20250317","충청남도","태안군","20250301","3박 4일","2명","부모/형제/자녀 등 가족",,,,,,"취미-운동 활동 (등산/ 낚시/ 골프 등)","F","50대","기혼","자녀 성인(막내 대학)","자영업","700만원 이상"
"53355594","20250317","제주도","대정읍/안덕면/제주시(시내동)","20250315","2박 3일","2명","연인",,,,,,"식도락 (지역 특색/제철 음식)","M","30대","미혼","미혼","기타/무직","모름"
"53355631","20250317","강원도","강릉시/동해시/속초시","20241224","6박 7일 이상","2명","배우자",,,,,,"식도락 (지역 특색/제철 음식)","M","60대 이상","기혼","자녀 독립(막내 결혼)","사무/기술직","700만원 이상"
"53356447","20250317","경상북도","경주시","20250208","1박 2일","4명","배우자","부모/형제/자녀 등 가족",,,,,"역사-유적 감상 (유적지/ 박물관 등)","M","40대","기혼","자녀 성장(막내 중고생)","사무/기술직","500~700만원 미만"
"53356681","20250317","강원도","강릉시","20241207","1박 2일","2명","연인",,,,,,"식도락 (지역 특색/제철 음식)","M","30대","미혼","미혼","사무/기술직","300~500만원 미만"
"53356900","20250317","충청남도","천안시","20241221","1박 2일","모름","부모/형제/자녀 등 가족",,,,,,"친지/친구/친척 만나기","M","50대","기혼","자녀 성장(막내 중고생)","사무/기술직","700만원 이상"
"53356938","20250317","강원도","강릉시","20250124","1박 2일","4명","배우자","부모/형제/자녀 등 가족",,,,,"자연 풍경 감상 (산/ 바다 등)","M","50대","기혼","자녀 성장(막내 중고생)","사무/기술직","500~700만원 미만"
"53356949","20250317","충청북도","옥천군","20250217","1박 2일","5명 이상","부모/형제/자녀 등 가족",,,,,,"친지/친구/친척 만나기","M","50대","기혼","자녀 성장(막내 중고생)","자영업","700만원 이상"
"53357076","20250317","인천시","모름","20250302","1박 2일","4명","연인","친구",,,,,"휴식","F","50대","기혼","신혼기(자녀 없음)","사무/기술직","700만원 이상"
"53357312","20250317","강원도","양양군","20250215","1박 2일","2명","배우자",,,,,,"식도락 (지역 특색/제철 음식)","F","40대","기혼","자녀 성인(막내 대학)","사무/기술직","500~700만원 미만"
"53357587","20250317","경상남도","남해군/통영시","20250207","3박 4일","모름","친구",,,,,,"자연 풍경 감상 (산/ 바다 등)","M","60대 이상","기혼","자녀 독립(막내 결혼)","기타/무직","300~500만원 미만"
"53357591","20250317","부산시","모름","20250215","1박 2일","혼자서","혼자서",,,,,,"친지/친구/친척 만나기","M","30대","미혼","미혼","기타/무직","300만원 미만"
"53357633","20250317","대구시","모름","20250214","2박 3일","3명","부모/형제/자녀 등 가족",,,,,,"친지/친구/친척 만나기","F","40대","기혼","자녀 유아&성장(막내 입학전~초등생)","사무/기술직","700만원 이상"
"53357716","20250317","경기도","양평군","20241214","1박 2일","5명 이상","배우자","부모/형제/자녀 등 가족",,,,,"휴식","F","20대","기혼","신혼기(자녀 없음)","기타/무직","모름"
"53357863","20250317","강원도","태백시","20250215","1박 2일","3명","배우자","부모/형제/자녀 등 가족",,,,,"식도락 (지역 특색/제철 음식)","F","60대 이상","기혼","자녀 성장(막내 중고생)","사무/기술직","모름"
"53358538","20250317","강원도","강릉시","20250308","1박 2일","4명","친구",,,,,,"식도락 (지역 특색/제철 음식)","F","50대","기혼","자녀 성인(막내 대학)","자영업","700만원 이상"
"53358687","20250317","부산시","모름","20250224","4박 5일","4명","부모/형제/자녀 등 가족",,,,,,"친지/친구/친척 만나기","M","40대","기혼","자녀 성인(막내 대학)","기능/숙련/일반작업직","300~500만원 미만"
"53359275","20250317","서울시","모름","20250213","4박 5일","혼자서","혼자서",,,,,,"친지/친구/친척 만나기","F","50대","기혼","자녀 성인(막내 대학)","사무/기술직","500~700만원 미만"
"53359369","20250317","제주도","서귀포시(시내동)","20241227","2박 3일","3명","부모/형제/자녀 등 가족",,,,,,"식도락 (지역 특색/제철 음식)","M","30대","미혼","미혼","사무/기술직","500~700만원 미만"
"53359469","20250317","서울시","모름","20241224","4박 5일","4명","부모/형제/자녀 등 가족",,,,,,"친지/친구/친척 만나기","M","50대","기혼","자녀 성인(막내 대학)","사무/기술직","700만원 이상"
"53359609","20250317","경상남도","창원시/함안군","20241231","3박 4일","5명 이상","부모/형제/자녀 등 가족",,,,,,"놀이/테마공원-온천 등 즐기기","F","30대","기타","자녀 성장(막내 중고생)","사무/기술직","모름"
"53359806","20250317","경상북도","영주시","20241216","2박 3일","2명","배우자",,,,,,"역사-유적 감상 (유적지/ 박물관 등)","F","60대 이상","기혼","자녀 독립(막내 결혼)","전업주부","300~500만원 미만"
"53359884","20250317","부산시","모름","20241225","1박 2일","2명","배우자",,,,,,"식도락 (지역 특색/제철 음식)","F","50대","기혼","자녀 성인(막내 대학)","사무/기술직","700만원 이상"
"53360049","20250317","인천시","모름","20250111","1박 2일","모름","배우자","친구",,,,,"휴식","M","30대","기혼","자녀 유아&성장(막내 입학전~초등생)","판매/서비스직","300~500만원 미만"
"53360210","20250317","전라남도","담양군","20241221","1박 2일","모름","부모/형제/자녀 등 가족",,,,,,"식도락 (지역 특색/제철 음식)","M","40대","기혼","자녀 유아&성장(막내 입학전~초등생)","사무/기술직","300~500만원 미만"
"53360566","20250317","대구시","모름","20250209","1박 2일","2명","부모/형제/자녀 등 가족",,,,,,"자연 풍경 감상 (산/ 바다 등)","F","40대","기혼","자녀 유아&성장(막내 입학전~초등생)","전업주부","700만원 이상"
"53360858","20250317","강원도","홍천군","20241207","1박 2일","3명","배우자","부모/형제/자녀 등 가족",,,,,"놀이/테마공원-온천 등 즐기기","F","30대","기혼","자녀 유아&성장(막내 입학전~초등생)","사무/기술직","모름"
"53361126","20250317","제주도","서귀포시(시내동)/우도면/제주시(시내동)","20250205","4박 5일","2명","배우자",,,,,,"자연 풍경 감상 (산/ 바다 등)","F","60대 이상","기혼","자녀 성인(막내 대학)","판매/서비스직","700만원 이상"
"53361258","20250317","강원도","강릉시","20241214","1박 2일","3명","배우자","부모/형제/자녀 등 가족",,,,,"식도락 (지역 특색/제철 음식)","M","50대","기혼","자녀 성인(막내 대학)","사무/기술직","300~500만원 미만"
"53361380","20250317","서울시","모름","20250215","1박 2일","4명","친구",,,,,,"친지/친구/친척 만나기","F","20대","미혼","미혼","사무/기술직","모름"
"53361452","20250317","강원도","삼척시","20250222","1박 2일","2명","배우자",,,,,,"휴식","M","40대","기혼","자녀 유아&성장(막내 입학전~초등생)","판매/서비스직","300~500만원 미만"
"53361573","20250317","충청북도","단양군","20241228","1박 2일","4명","부모/형제/자녀 등 가족",,,,,,"자연 풍경 감상 (산/ 바다 등)","M","40대","기혼","자녀 유아&성장(막내 입학전~초등생)","판매/서비스직","300~500만원 미만"
"53361588","20250317","강원도","동해시/속초시/양양군/홍천군","20250215","1박 2일","3명","부모/형제/자녀 등 가족",,,,,,"휴식","F","50대","기혼","자녀 성인(막내 대학)","자영업","700만원 이상"
"53361778","20250317","제주도","애월읍/제주시(시내동)/조천읍/한림읍","20250226","2박 3일","2명","친구",,,,,,"휴식","M","50대","기혼","자녀 성인(막내 대학)","기능/숙련/일반작업직","300~500만원 미만"
"53362508","20250317","전라북도","군산시/전주시","20241227","1박 2일","2명","부모/형제/자녀 등 가족",,,,,,"휴식","F","40대","기혼","자녀 성장(막내 중고생)","기타/무직","700만원 이상"
"53362729","20250317","경상북도","포항시","20250314","1박 2일","4명","부모/형제/자녀 등 가족",,,,,,"식도락 (지역 특색/제철 음식)","F","50대","미혼","미혼","사무/기술직","300~500만원 미만"
"53362860","20250317","경상북도","문경시","20250125","1박 2일","4명","연인","부모/형제/자녀 등 가족",,,,,"식도락 (지역 특색/제철 음식)","M","40대","미혼","미혼","자영업","모름"
"53363635","20250317","대전시","모름","20250130","1박 2일","2명","친구",,,,,,"쇼핑","F","30대","미혼","미혼","사무/기술직","모름"
"53363887","20250317","경상남도","거제시/통영시","20250315","1박 2일","2명","배우자",,,,,,"자연 풍경 감상 (산/ 바다 등)","M","60대 이상","기혼","자녀 독립(막내 결혼)","기타/무직","500~700만원 미만"
"53363966","20250317","서울시","모름","20250128","5박 6일","3명","부모/형제/자녀 등 가족",,,,,,"친지/친구/친척 만나기","F","50대","기타","자녀 성장(막내 중고생)","전업주부","모름"
"53364323","20250317","제주도","서귀포시(시내동)/제주시(시내동)","20241220","1박 2일","혼자서","혼자서",,,,,,"자연 풍경 감상 (산/ 바다 등)","M","50대","기혼","자녀 성인(막내 대학)","사무/기술직","700만원 이상"
"53364364","20250317","서울시","모름","20250204","2박 3일","2명","배우자",,,,,,"친지/친구/친척 만나기","F","60대 이상","기혼","자녀 성인(막내 대학)","전업주부","500~700만원 미만"
"53364773","20250317","경기도","용인시","20250214","2박 3일","4명","배우자","부모/형제/자녀 등 가족",,,,,"놀이/테마공원-온천 등 즐기기","M","40대","기혼","자녀 유아&성장(막내 입학전~초등생)","사무/기술직","500~700만원 미만"
"53364862","20250317","강원도","양양군","20250125","1박 2일","2명","배우자",,,,,,"식도락 (지역 특색/제철 음식)","F","50대","기혼","자녀 성장(막내 중고생)","사무/기술직","300~500만원 미만"
"53365388","20250317","부산시","모름","20241213","1박 2일","4명","친구",,,,,,"친지/친구/친척 만나기","F","20대","미혼","미혼","사무/기술직","700만원 이상"
"53365471","20250317","광주시","모름","20250315","1박 2일","2명","연인",,,,,,"기타","F","20대","미혼","미혼","기타/무직","모름"
"53365510","20250317","경상남도","밀양시","20250201","1박 2일","2명","배우자",,,,,,"휴식","M","60대 이상","기혼","자녀 성인(막내 대학)","기능/숙련/일반작업직","700만원 이상"
"53366391","20250317","부산시","모름","20250106","1박 2일","2명","친구",,,,,,"휴식","F","40대","기혼","자녀 성인(막내 대학)","기타/무직","500~700만원 미만"
"53366767","20250317","인천시","모름","20241220","2박 3일","5명 이상","배우자","친구",,,,,"식도락 (지역 특색/제철 음식)","M","60대 이상","기혼","자녀 독립(막내 결혼)","기능/숙련/일반작업직","300~500만원 미만"
"53366866","20250317","부산시","모름","20250228","3박 4일","4명","부모/형제/자녀 등 가족",,,,,,"식도락 (지역 특색/제철 음식)","M","40대","기혼","자녀 성장(막내 중고생)","사무/기술직","700만원 이상"
"53367558","20250317","서울시","모름","20250212","2박 3일","혼자서","혼자서",,,,,,"휴식","M","30대","미혼","미혼","기타/무직","300만원 미만"
"53367922","20250317","대전시","모름","20250117","1박 2일","3명","부모/형제/자녀 등 가족",,,,,,"기타","F","40대","기타","자녀 성장(막내 중고생)","사무/기술직","300~500만원 미만"
"53367986","20250317","경기도","화성시","20250305","1박 2일","5명 이상","배우자","친구",,,,,"식도락 (지역 특색/제철 음식)","M","60대 이상","기혼","자녀 성인(막내 대학)","경영/관리/전문직","300~500만원 미만"
"53368050","20250317","전라남도","곡성군/구례군","20250214","1박 2일","3명","배우자","부모/형제/자녀 등 가족",,,,,"식도락 (지역 특색/제철 음식)","M","60대 이상","기혼","자녀 성인(막내 대학)","경영/관리/전문직","500~700만원 미만"
"53368078","20250317","제주도","서귀포시(시내동)/애월읍","20250213","4박 5일","4명","배우자","부모/형제/자녀 등 가족",,,,,"휴식","M","30대","기혼","자녀 유아&성장(막내 입학전~초등생)","사무/기술직","700만원 이상"
"53368150","20250317","경상북도","경주시/영덕군/포항시","20250208","1박 2일","3명","배우자","부모/형제/자녀 등 가족",,,,,"취미-운동 활동 (등산/ 낚시/ 골프 등)","F","60대 이상","기혼","자녀 성인(막내 대학)","기타/무직","300~500만원 미만"
"53368186","20250317","경상남도","밀양시","20250215","1박 2일","5명 이상","친구",,,,,,"역사-유적 감상 (유적지/ 박물관 등)","M","60대 이상","기혼","자녀 성인(막내 대학)","기타/무직","500~700만원 미만"
"53368391","20250317","충청남도","보령시","20250102","1박 2일","2명","배우자",,,,,,"식도락 (지역 특색/제철 음식)","M","30대","기혼","신혼기(자녀 없음)","사무/기술직","500~700만원 미만"
"53368588","20250317","광주시","모름","20250119","4박 5일","혼자서","혼자서",,,,,,"친지/친구/친척 만나기","M","30대","미혼","미혼","사무/기술직","300~500만원 미만"
"53368923","20250317","강원도","철원군","20250221","1박 2일","3명","부모/형제/자녀 등 가족",,,,,,"휴식","F","60대 이상","기혼","자녀 성인(막내 대학)","기타/무직","500~700만원 미만"
"53369061","20250317","강원도","원주시","20250306","3박 4일","4명","배우자","부모/형제/자녀 등 가족",,,,,"놀이/테마공원-온천 등 즐기기","M","30대","기혼","자녀 유아&성장(막내 입학전~초등생)","기능/숙련/일반작업직","500~700만원 미만"
"53369521","20250317","전라북도","진안군","20250216","1박 2일","2명","친구",,,,,,"자연 풍경 감상 (산/ 바다 등)","F","60대 이상","기혼","자녀 독립(막내 결혼)","사무/기술직","300만원 미만"
"53369529","20250317","강원도","속초시/홍천군","20250222","1박 2일","4명","배우자","부모/형제/자녀 등 가족",,,,,"식도락 (지역 특색/제철 음식)","M","50대","기혼","자녀 성인(막내 대학)","사무/기술직","700만원 이상"
"53369869","20250317","전라남도","나주시","20250221","2박 3일","혼자서","혼자서",,,,,,"식도락 (지역 특색/제철 음식)","M","50대","기혼","자녀 성인(막내 대학)","경영/관리/전문직","모름"
"53370029","20250317","부산시","모름","20241222","모름","2명","배우자",,,,,,"자연 풍경 감상 (산/ 바다 등)","F","60대 이상","기혼","자녀 독립(막내 결혼)","자영업","500~700만원 미만"
"53370170","20250317","전라남도","목포시","20250204","5박 6일","혼자서","혼자서",,,,,,"휴식","M","40대","미혼","미혼","사무/기술직","500~700만원 미만"
"53370180","20250317","경상북도","구미시","20250221","1박 2일","2명","배우자",,,,,,"식도락 (지역 특색/제철 음식)","M","50대","기혼","자녀 성장(막내 중고생)","기능/숙련/일반작업직","700만원 이상"
"53370437","20250317","서울시","모름","20250220","3박 4일","5명 이상","부모/형제/자녀 등 가족",,,,,,"놀이/테마공원-온천 등 즐기기","F","30대","기혼","자녀 유아&성장(막내 입학전~초등생)","자영업","700만원 이상"
"53370632","20250317","전라남도","여수시","20241227","2박 3일","4명","부모/형제/자녀 등 가족",,,,,,"휴식","M","40대","기혼","자녀 유아&성장(막내 입학전~초등생)","사무/기술직","500~700만원 미만"
"53370744","20250317","경상북도","경주시/포항시","20250219","5박 6일","3명","부모/형제/자녀 등 가족",,,,,,"역사-유적 감상 (유적지/ 박물관 등)","F","30대","기혼","자녀 유아&성장(막내 입학전~초등생)","사무/기술직","500~700만원 미만"
"53370921","20250317","강원도","영월군/태백시","20250210","2박 3일","5명 이상","친구",,,,,,"역사-유적 감상 (유적지/ 박물관 등)","F","60대 이상","기타","자녀 독립(막내 결혼)","기타/무직","300만원 미만"
"53371191","20250317","경상북도","경주시","20241214","1박 2일","5명 이상","친구",,,,,,"휴식","M","30대","미혼","미혼","사무/기술직","모름"
"53371251","20250317","경기도","고양시","20250215","1박 2일","2명","친구",,,,,,"문화-예술 즐기기 (미술관/ 공연 등)","F","20대","미혼","미혼","사무/기술직","300~500만원 미만"
"53371574","20250317","강원도","속초시","20250201","1박 2일","3명","배우자","부모/형제/자녀 등 가족",,,,,"자연 풍경 감상 (산/ 바다 등)","F","40대","기혼","자녀 성장(막내 중고생)","자영업","500~700만원 미만"
"53372058","20250317","경기도","용인시/이천시","20250215","1박 2일","2명","연인",,,,,,"식도락 (지역 특색/제철 음식)","F","30대","미혼","미혼","사무/기술직","700만원 이상"
"53373120","20250317","강원도","강릉시/속초시/양양군","20250215","1박 2일","2명","배우자",,,,,,"친지/친구/친척 만나기","M","50대","기혼","자녀 성인(막내 대학)","사무/기술직","모름"
"53373338","20250317","전라북도","익산시","20250117","1박 2일","3명","배우자","부모/형제/자녀 등 가족",,,,,"친지/친구/친척 만나기","M","40대","기혼","자녀 유아&성장(막내 입학전~초등생)","기타/무직","300~500만원 미만"
"53373883","20250317","강원도","속초시/양양군","20250208","1박 2일","2명","배우자",,,,,,"자연 풍경 감상 (산/ 바다 등)","M","40대","기혼","신혼기(자녀 없음)","사무/기술직","300~500만원 미만"
"53373936","20250317","경기도","오산시/평택시","20250216","1박 2일","2명","친구",,,,,,"친지/친구/친척 만나기","F","30대","미혼","미혼","자영업","500~700만원 미만"
"53374551","20250317","경기도","용인시","20250213","2박 3일","혼자서","혼자서",,,,,,"자연 풍경 감상 (산/ 바다 등)","F","30대","미혼","미혼","사무/기술직","300만원 미만"
"53374933","20250317","강원도","강릉시/고성군/삼척시/속초시","20250227","1박 2일","2명","배우자",,,,,,"휴식","F","50대","기혼","자녀 성인(막내 대학)","전업주부","700만원 이상"
"53375667","20250317","경기도","남양주시","20250215","1박 2일","2명","배우자",,,,,,"역사-유적 감상 (유적지/ 박물관 등)","F","60대 이상","기혼","자녀 성인(막내 대학)","전업주부","500~700만원 미만"
"53375916","20250317","대전시","모름","20250209","2박 3일","2명","배우자",,,,,,"취미-운동 활동 (등산/ 낚시/ 골프 등)","F","50대","기혼","자녀 성인(막내 대학)","전업주부","700만원 이상"
"53375922","20250317","서울시","모름","20250207","1박 2일","2명","친구",,,,,,"친지/친구/친척 만나기","F","20대","미혼","미혼","자영업","모름"
"53375942","20250317","전라북도","익산시","20241227","1박 2일","2명","배우자",,,,,,"놀이/테마공원-온천 등 즐기기","M","40대","기혼","자녀 유아&성장(막내 입학전~초등생)","기능/숙련/일반작업직","300~500만원 미만"
"53376152","20250317","인천시","모름","20250202","4박 5일","혼자서","혼자서",,,,,,"친지/친구/친척 만나기","F","40대","기타","자녀 성장(막내 중고생)","자영업","700만원 이상"
"53376684","20250317","제주도","애월읍","20250117","2박 3일","4명","부모/형제/자녀 등 가족",,,,,,"식도락 (지역 특색/제철 음식)","M","60대 이상","기혼","자녀 성인(막내 대학)","경영/관리/전문직","700만원 이상"
"53376807","20250317","경상북도","김천시","20250313","1박 2일","혼자서","혼자서",,,,,,"친지/친구/친척 만나기","M","40대","미혼","미혼","판매/서비스직","300만원 미만"
"53377007","20250317","전라남도","여수시","20250129","3박 4일","5명 이상","부모/형제/자녀 등 가족",,,,,,"휴식","F","30대","기혼","신혼기(자녀 없음)","자영업","500~700만원 미만"
"53377439","20250317","부산시","모름","20250127","3박 4일","혼자서","혼자서",,,,,,"쇼핑","F","50대","기혼","신혼기(자녀 없음)","기능/숙련/일반작업직","300~500만원 미만"
